clusterId,primaryTerm,terms,track,score,avgMonthlySearches,topOfPageBid,serpWeakness,hasData,peopleAlsoAsk
c13,algolia pricing reddit,algolia alternatives reddit|algolia pricing reddit,vendor,0.4599999999999999,0,0,0.8499999999999999,true,
c37,bloomreach pricing reddit,bloomreach pricing reddit,vendor,0.4599999999999999,0,0,0.8499999999999999,true,
c14,algolia best practices,algolia best practices,vendor,0.45571428571428574,0,0,0.845,true,
c17,coveo pricing,coveo pricing|coveo search pricing|how much does coveo cost,vendor,0.4171428571428572,0,0,0.8,true,
c38,bloomreach best practices,bloomreach best practices,vendor,0.40857142857142875,0,0,0.7900000000000001,true,
c2,algolia competitors,algolia alternatives|algolia competitors|algolia open source alternative|algolia alternatives open source|algolia alternatives free|algolia search alternatives|best algolia alternatives,vendor,0.3485714285714286,0,0,0.72,true,
c25,coveo vs bloomreach,coveo vs bloomreach,vendor,0.3314285714285715,0,0,0.7000000000000001,true,
c20,coveo vs cohere,coveo vs cohere,vendor,0.3314285714285714,0,0,0.7,true,
c21,coveo vs,coveo vs elasticsearch|coveo vs elastic|coveo vs,vendor,0.3314285714285714,0,0,0.7,true,
c5,algolia vs,algolia vs elasticsearch|algolia vs|algolia vs elastic,vendor,0.32714285714285724,0,0,0.6950000000000001,true,
c28,bloomreach pricing,bloomreach pricing|bloomreach pricing model|bloomreach cms pricing|bloomreach engagement pricing|bloomreach search pricing|how much does bloomreach cost,vendor,0.32285714285714295,0,0,0.6900000000000001,true,
c12,bloomreach vs,algolia vs bloomreach|bloomreach vs algolia|bloomreach vs,vendor,0.3142857142857144,0,0,0.68,true,
c29,bloomreach reviews,bloomreach reviews|bloomreach technologies reviews,vendor,0.3142857142857144,0,0,0.68,true,
c8,algolia vs coveo,algolia vs coveo|coveo vs algolia,vendor,0.3142857142857143,0,0,0.6799999999999999,true,
c1,algolia cost,algolia pricing|algolia cost|algolia pricing plans|algolia search pricing|algolia crawler pricing|algolia pricing calculator|algolia pricing model|algolia recommend pricing|algolia premium pricing|algolia docsearch pricing|how much does algolia cost,vendor,0.2971428571428572,0,0,0.66,true,
c7,algolia vs opensearch,algolia vs opensearch,vendor,0.2971428571428572,0,0,0.66,true,
c22,coveo vs solr,coveo vs solr,vendor,0.2971428571428572,0,0,0.66,true,
c24,coveo vs lucidworks,coveo vs lucidworks,vendor,0.2971428571428572,0,0,0.66,true,
c34,bloomreach vs constructor,bloomreach vs constructor,vendor,0.2971428571428572,0,0,0.66,true,
c49,searchspring reviews,searchspring reviews,vendor,0.2971428571428572,0,0,0.66,true,
c31,bloomreach vs braze,bloomreach vs braze,vendor,0.29714285714285715,0,0,0.6599999999999999,true,
c4,algolia reviews,algolia reviews,vendor,0.28,0,0,0.64,true,
c23,coveo vs yext,coveo vs yext,vendor,0.28,0,0,0.64,true,
c26,coveo vs constructor,coveo vs constructor,vendor,0.28,0,0,0.64,true,
c43,klevu pricing,klevu pricing,vendor,0.28,0,0,0.64,true,
c47,searchspring pricing,searchspring pricing,vendor,0.28,0,0,0.64,true,
c51,nosto vs searchspring,nosto vs searchspring,vendor,0.262857142857143,0,0,0.6200000000000001,true,
c15,coveo competitors,coveo competitors|coveo alternatives,vendor,0.2628571428571429,0,0,0.62,true,
c32,bloomreach vs salesforce,bloomreach vs salesforce|bloomreach vs salesforce marketing cloud,vendor,0.2628571428571429,0,0,0.62,true,
c36,bloomreach vs adobe,bloomreach vs adobe,vendor,0.2628571428571429,0,0,0.62,true,
c41,constructor io pricing,constructor io pricing,vendor,0.2628571428571429,0,0,0.62,true,
c42,constructor io reviews,constructor io reviews,vendor,0.2628571428571429,0,0,0.62,true,
c48,searchspring competitors,searchspring alternatives|searchspring competitors,vendor,0.2628571428571429,0,0,0.62,true,
c52,similarsitesearch alternatives,similarsitesearch alternatives,vendor,0.2628571428571429,0,0,0.62,true,
c35,bloomreach vs optimizely,bloomreach vs optimizely,vendor,0.2628571428571428,0,0,0.6199999999999999,true,
c11,algolia vs solr,algolia vs solr,vendor,0.2585714285714286,0,0,0.615,true,
c6,algolia vs typesense,algolia vs typesense,vendor,0.25428571428571434,0,0,0.61,true,
c10,algolia vs meilisearch,algolia vs meilisearch,vendor,0.25428571428571434,0,0,0.61,true,
c9,algolia vs constructor,algolia vs constructor,vendor,0.24571428571428572,0,0,0.6,true,
c18,coveo reviews,coveo reviews,vendor,0.24571428571428572,0,0,0.6,true,
c39,constructor io competitors,constructor io competitors,vendor,0.24571428571428572,0,0,0.6,true,
c45,klevu vs algolia,klevu vs algolia,vendor,0.24571428571428572,0,0,0.6,true,
c50,algolia vs searchspring,algolia vs searchspring,vendor,0.24571428571428572,0,0,0.6,true,
c46,klevu alternatives,klevu alternatives,vendor,0.22857142857142865,0,0,0.5800000000000001,true,
c19,coveo vs glean,coveo vs glean,vendor,0.2285714285714286,0,0,0.58,true,
c27,bloomreach competitors,bloomreach competitors|bloomreach alternatives,vendor,0.2285714285714286,0,0,0.58,true,
c40,constructor io employee reviews,constructor io employee reviews,vendor,0.2285714285714286,0,0,0.58,true,
c33,bloomreach vs hubspot,bloomreach vs hubspot,vendor,0.21142857142857152,0,0,0.56,true,
c3,algolia employee reviews,algolia employee reviews,vendor,0.2114285714285714,0,0,0.5599999999999999,true,
c44,klevu reviews,klevu reviews,vendor,0.2114285714285714,0,0,0.5599999999999999,true,
c16,coveo montreal reviews,coveo montreal reviews,vendor,0.19428571428571434,0,0,0.54,true,
c30,bloomreach vs klaviyo,bloomreach vs klaviyo,vendor,0.17714285714285719,0,0,0.52,true,